{"stats":{"minecraft:mined":{"minecraft:short_grass":2,"minecraft:ice":3,"minecraft:sand":3},"minecraft:custom":{"minecraft:jump":114,"minecraft:time_since_rest":3169,"minecraft:leave_game":1,"minecraft:sprint_one_cm":16718,"minecraft:play_time":3169,"minecraft:damage_taken":30,"minecraft:time_since_death":3169,"minecraft:walk_one_cm":6016,"minecraft:total_world_time":3169,"minecraft:fall_one_cm":3344,"minecraft:fly_one_cm":39976},"minecraft:used":{"minecraft:sand":3},"minecraft:picked_up":{"minecraft:sand":3}},"DataVersion":3953}